model,cost_usd
claude-opus-4-5-20251101,2193.688909298611
claude-opus-4-6,2064.51182103027
claude-sonnet-4-5-20250929,1365.5131907867963
claude-sonnet-4-6,192.01668416948368
claude-haiku-4-5-20251001,185.69868834368026
